"kunta","vuosi","nimi","namn","name","maakunta","nimi_2","namn_2","name_2","kunta_k"
"005","2024","Alajärvi","Alajärvi","Alajärvi","14","Etelä-Pohjanmaa","Södra Österbotten","South Ostrobothnia","KU005"
"009","2024","Alavieska","Alavieska","Alavieska","17","Pohjois-Pohjanmaa","Norra Österbotten","North Ostrobothnia","KU009"
"010","2024","Alavus","Alavo","Alavus","14","Etelä-Pohjanmaa","Södra Österbotten","South Ostrobothnia","KU010"
"016","2024","Asikkala","Asikkala","Asikkala","07","Päijät-Häme","Päijänne-Tavastland","Päijät-Häme","KU016"
"018","2024","Askola","Askola","Askola","01","Uusimaa","Nyland","Uusimaa","KU018"
"019","2024","Aura","Aura","Aura","02","Varsinais-Suomi","Egentliga Finland","Southwest Finland","KU019"
"020","2024","Akaa","Ackas","Akaa","06","Pirkanmaa","Birkaland","Pirkanmaa","KU020"
"035","2024","Brändö","Brändö","Brändö","21","Ahvenanmaa","Åland","Åland","KU035"
"043","2024","Eckerö","Eckerö","Eckerö","21","Ahvenanmaa","Åland","Åland","KU043"
"046","2024","Enonkoski","Enonkoski","Enonkoski","10","Etelä-Savo","Södra Savolax","South Savo","KU046"
"047","2024","Enontekiö","Enontekis","Enontekiö","19","Lappi","Lappland","Lapland","KU047"
"049","2024","Espoo","Esbo","Espoo","01","Uusimaa","Nyland","Uusimaa","KU049"
"050","2024","Eura","Eura","Eura","04","Satakunta","Satakunta","Satakunta","KU050"
"051","2024","Eurajoki","Euraåminne","Eurajoki","04","Satakunta","Satakunta","Satakunta","KU051"
"052","2024","Evijärvi","Evijärvi","Evijärvi","14","Etelä-Pohjanmaa","Södra Österbotten","South Ostrobothnia","KU052"
"060","2024","Finström","Finström","Finström","21","Ahvenanmaa","Åland","Åland","KU060"
"061","2024","Forssa","Forssa","Forssa","05","Kanta-Häme","Egentliga Tavastland","Kanta-Häme","KU061"
"062","2024","Föglö","Föglö","Föglö","21","Ahvenanmaa","Åland","Åland","KU062"
"065","2024","Geta","Geta","Geta","21","Ahvenanmaa","Åland","Åland","KU065"
"069","2024","Haapajärvi","Haapajärvi","Haapajärvi","17","Pohjois-Pohjanmaa","Norra Österbotten","North Ostrobothnia","KU069"
"071","2024","Haapavesi","Haapavesi","Haapavesi","17","Pohjois-Pohjanmaa","Norra Österbotten","North Ostrobothnia","KU071"
"072","2024","Hailuoto","Karlö","Hailuoto","17","Pohjois-Pohjanmaa","Norra Österbotten","North Ostrobothnia","KU072"
"074","2024","Halsua","Halso","Halsua","16","Keski-Pohjanmaa","Mellersta Österbotten","Central Ostrobothnia","KU074"
"075","2024","Hamina","Fredrikshamn","Hamina","08","Kymenlaakso","Kymmenedalen","Kymenlaakso","KU075"
"076","2024","Hammarland","Hammarland","Hammarland","21","Ahvenanmaa","Åland","Åland","KU076"
"077","2024","Hankasalmi","Hankasalmi","Hankasalmi","13","Keski-Suomi","Mellersta Finland","Central Finland","KU077"
"078","2024","Hanko","Hangö","Hanko","01","Uusimaa","Nyland","Uusimaa","KU078"
"079","2024","Harjavalta","Harjavalta","Harjavalta","04","Satakunta","Satakunta","Satakunta","KU079"
"081","2024","Hartola","Gustav Adolfs  ","Hartola","07","Päijät-Häme","Päijänne-Tavastland","Päijät-Häme","KU081"
"082","2024","Hattula","Hattula","Hattula","05","Kanta-Häme","Egentliga Tavastland","Kanta-Häme","KU082"
"086","2024","Hausjärvi","Hausjärvi","Hausjärvi","05","Kanta-Häme","Egentliga Tavastland","Kanta-Häme","KU086"
"090","2024","Heinävesi","Heinävesi","Heinävesi","12","Pohjois-Karjala","Norra Karelen","North Karelia","KU090"
"091","2024","Helsinki","Helsingfors","Helsinki","01","Uusimaa","Nyland","Uusimaa","KU091"
"092","2024","Vantaa","Vanda","Vantaa","01","Uusimaa","Nyland","Uusimaa","KU092"
"097","2024","Hirvensalmi","Hirvensalmi","Hirvensalmi","10","Etelä-Savo","Södra Savolax","South Savo","KU097"
"098","2024","Hollola","Hollola","Hollola","07","Päijät-Häme","Päijänne-Tavastland","Päijät-Häme","KU098"
"102","2024","Huittinen","Vittis","Huittinen","04","Satakunta","Satakunta","Satakunta","KU102"
"103","2024","Humppila","Humppila","Humppila","05","Kanta-Häme","Egentliga Tavastland","Kanta-Häme","KU103"
"105","2024","Hyrynsalmi","Hyrynsalmi","Hyrynsalmi","18","Kainuu","Kajanaland","Kainuu","KU105"
"106","2024","Hyvinkää","Hyvinge","Hyvinkää","01","Uusimaa","Nyland","Uusimaa","KU106"
"108","2024","Hämeenkyrö","Tavastkyro","Hämeenkyrö","06","Pirkanmaa","Birkaland","Pirkanmaa","KU108"
"109","2024","Hämeenlinna","Tavastehus","Hämeenlinna","05","Kanta-Häme","Egentliga Tavastland","Kanta-Häme","KU109"
"111","2024","Heinola","Heinola","Heinola","07","Päijät-Häme","Päijänne-Tavastland","Päijät-Häme","KU111"
"139","2024","Ii","Ijo","Ii","17","Pohjois-Pohjanmaa","Norra Österbotten","North Ostrobothnia","KU139"
"140","2024","Iisalmi","Idensalmi","Iisalmi","11","Pohjois-Savo","Norra Savolax","North Savo","KU140"
"142","2024","Iitti","Itis","Iitti","07","Päijät-Häme","Päijänne-Tavastland","Päijät-Häme","KU142"
"143","2024","Ikaalinen","Ikalis","Ikaalinen","06","Pirkanmaa","Birkaland","Pirkanmaa","KU143"
"145","2024","Ilmajoki","Ilmola","Ilmajoki","14","Etelä-Pohjanmaa","Södra Österbotten","South Ostrobothnia","KU145"
"146","2024","Ilomantsi","Ilomants","Ilomantsi","12","Pohjois-Karjala","Norra Karelen","North Karelia","KU146"
"148","2024","Inari","Enare","Inari","19","Lappi","Lappland","Lapland","KU148"
"149","2024","Inkoo","Ingå","Ingå","01","Uusimaa","Nyland","Uusimaa","KU149"
"151","2024","Isojoki","Storå","Isojoki","14","Etelä-Pohjanmaa","Södra Österbotten","South Ostrobothnia","KU151"
"152","2024","Isokyrö","Storkyro","Isokyrö","14","Etelä-Pohjanmaa","Södra Österbotten","South Ostrobothnia","KU152"
"153","2024","Imatra","Imatra","Imatra","09","Etelä-Karjala","Södra Karelen","South Karelia","KU153"
"165","2024","Janakkala","Janakkala","Janakkala","05","Kanta-Häme","Egentliga Tavastland","Kanta-Häme","KU165"
"167","2024","Joensuu","Joensuu","Joensuu","12","Pohjois-Karjala","Norra Karelen","North Karelia","KU167"
"169","2024","Jokioinen","Jockis","Jokioinen","05","Kanta-Häme","Egentliga Tavastland","Kanta-Häme","KU169"
"170","2024","Jomala","Jomala","Jomala","21","Ahvenanmaa","Åland","Åland","KU170"
"171","2024","Joroinen","Jorois","Joroinen","11","Pohjois-Savo","Norra Savolax","North Savo","KU171"
"172","2024","Joutsa","Joutsa","Joutsa","13","Keski-Suomi","Mellersta Finland","Central Finland","KU172"
"176","2024","Juuka","Juga","Juuka","12","Pohjois-Karjala","Norra Karelen","North Karelia","KU176"
"177","2024","Juupajoki","Juupajoki","Juupajoki","06","Pirkanmaa","Birkaland","Pirkanmaa","KU177"
"178","2024","Juva","Juva","Juva","10","Etelä-Savo","Södra Savolax","South Savo","KU178"
"179","2024","Jyväskylä","Jyväskylä","Jyväskylä","13","Keski-Suomi","Mellersta Finland","Central Finland","KU179"
"181","2024","Jämijärvi","Jämijärvi","Jämijärvi","04","Satakunta","Satakunta","Satakunta","KU181"
"182","2024","Jämsä","Jämsä","Jämsä","13","Keski-Suomi","Mellersta Finland","Central Finland","KU182"
"186","2024","Järvenpää","Träskända","Järvenpää","01","Uusimaa","Nyland","Uusimaa","KU186"
"202","2024","Kaarina","S:t Karins","Kaarina","02","Varsinais-Suomi","Egentliga Finland","Southwest Finland","KU202"
"204","2024","Kaavi","Kaavi","Kaavi","11","Pohjois-Savo","Norra Savolax","North Savo","KU204"
"205","2024","Kajaani","Kajana","Kajaani","18","Kainuu","Kajanaland","Kainuu","KU205"
"208","2024","Kalajoki","Kalajoki","Kalajoki","17","Pohjois-Pohjanmaa","Norra Österbotten","North Ostrobothnia","KU208"
"211","2024","Kangasala","Kangasala","Kangasala","06","Pirkanmaa","Birkaland","Pirkanmaa","KU211"
"213","2024","Kangasniemi","Kangasniemi","Kangasniemi","10","Etelä-Savo","Södra Savolax","South Savo","KU213"
"214","2024","Kankaanpää","Kankaanpää","Kankaanpää","04","Satakunta","Satakunta","Satakunta","KU214"
"216","2024","Kannonkoski","Kannonkoski","Kannonkoski","13","Keski-Suomi","Mellersta Finland","Central Finland","KU216"
"217","2024","Kannus","Kannus","Kannus","16","Keski-Pohjanmaa","Mellersta Österbotten","Central Ostrobothnia","KU217"
"218","2024","Karijoki","Bötom","Karijoki","14","Etelä-Pohjanmaa","Södra Österbotten","South Ostrobothnia","KU218"
"224","2024","Karkkila","Högfors","Karkkila","01","Uusimaa","Nyland","Uusimaa","KU224"
"226","2024","Karstula","Karstula","Karstula","13","Keski-Suomi","Mellersta Finland","Central Finland","KU226"
"230","2024","Karvia","Karvia","Karvia","04","Satakunta","Satakunta","Satakunta","KU230"
"231","2024","Kaskinen","Kaskö","Kaskinen","15","Pohjanmaa","Österbotten","Ostrobothnia","KU231"
"232","2024","Kauhajoki","Kauhajoki","Kauhajoki","14","Etelä-Pohjanmaa","Södra Österbotten","South Ostrobothnia","KU232"
"233","2024","Kauhava","Kauhava","Kauhava","14","Etelä-Pohjanmaa","Södra Österbotten","South Ostrobothnia","KU233"
"235","2024","Kauniainen","Grankulla","Kauniainen","01","Uusimaa","Nyland","Uusimaa","KU235"
"236","2024","Kaustinen","Kaustby","Kaustinen","16","Keski-Pohjanmaa","Mellersta Österbotten","Central Ostrobothnia","KU236"
"239","2024","Keitele","Keitele","Keitele","11","Pohjois-Savo","Norra Savolax","North Savo","KU239"
"240","2024","Kemi","Kemi","Kemi","19","Lappi","Lappland","Lapland","KU240"
"241","2024","Keminmaa","Keminmaa","Keminmaa","19","Lappi","Lappland","Lapland","KU241"
"244","2024","Kempele","Kempele","Kempele","17","Pohjois-Pohjanmaa","Norra Österbotten","North Ostrobothnia","KU244"
"245","2024","Kerava","Kervo","Kerava","01","Uusimaa","Nyland","Uusimaa","KU245"
"249","2024","Keuruu","Keuru","Keuruu","13","Keski-Suomi","Mellersta Finland","Central Finland","KU249"
"250","2024","Kihniö","Kihniö","Kihniö","06","Pirkanmaa","Birkaland","Pirkanmaa","KU250"
"256","2024","Kinnula","Kinnula","Kinnula","13","Keski-Suomi","Mellersta Finland","Central Finland","KU256"
"257","2024","Kirkkonummi","Kyrkslätt","Kirkkonummi","01","Uusimaa","Nyland","Uusimaa","KU257"
"260","2024","Kitee","Kides","Kitee","12","Pohjois-Karjala","Norra Karelen","North Karelia","KU260"
"261","2024","Kittilä","Kittilä","Kittilä","19","Lappi","Lappland","Lapland","KU261"
"263","2024","Kiuruvesi","Kiuruvesi","Kiuruvesi","11","Pohjois-Savo","Norra Savolax","North Savo","KU263"
"265","2024","Kivijärvi","Kivijärvi","Kivijärvi","13","Keski-Suomi","Mellersta Finland","Central Finland","KU265"
"271","2024","Kokemäki","Kumo","Kokemäki","04","Satakunta","Satakunta","Satakunta","KU271"
"272","2024","Kokkola","Karleby","Kokkola","16","Keski-Pohjanmaa","Mellersta Österbotten","Central Ostrobothnia","KU272"
"273","2024","Kolari","Kolari","Kolari","19","Lappi","Lappland","Lapland","KU273"
"275","2024","Konnevesi","Konnevesi","Konnevesi","13","Keski-Suomi","Mellersta Finland","Central Finland","KU275"
"276","2024","Kontiolahti","Kontiolax","Kontiolahti","12","Pohjois-Karjala","Norra Karelen","North Karelia","KU276"
"280","2024","Korsnäs","Korsnäs","Korsnäs","15","Pohjanmaa","Österbotten","Ostrobothnia","KU280"
"284","2024","Koski Tl","Koskis","Koski Tl","02","Varsinais-Suomi","Egentliga Finland","Southwest Finland","KU284"
"285","2024","Kotka","Kotka","Kotka","08","Kymenlaakso","Kymmenedalen","Kymenlaakso","KU285"
"286","2024","Kouvola","Kouvola","Kouvola","08","Kymenlaakso","Kymmenedalen","Kymenlaakso","KU286"
"287","2024","Kristiinankaupunki","Kristinestad","Kristinestad","15","Pohjanmaa","Österbotten","Ostrobothnia","KU287"
"288","2024","Kruunupyy","Kronoby","Kronoby","15","Pohjanmaa","Österbotten","Ostrobothnia","KU288"
"290","2024","Kuhmo","Kuhmo","Kuhmo","18","Kainuu","Kajanaland","Kainuu","KU290"
"291","2024","Kuhmoinen","Kuhmois","Kuhmoinen","06","Pirkanmaa","Birkaland","Pirkanmaa","KU291"
"295","2024","Kumlinge","Kumlinge","Kumlinge","21","Ahvenanmaa","Åland","Åland","KU295"
"297","2024","Kuopio","Kuopio","Kuopio","11","Pohjois-Savo","Norra Savolax","North Savo","KU297"
"300","2024","Kuortane","Kuortane","Kuortane","14","Etelä-Pohjanmaa","Södra Österbotten","South Ostrobothnia","KU300"
"301","2024","Kurikka","Kurikka","Kurikka","14","Etelä-Pohjanmaa","Södra Österbotten","South Ostrobothnia","KU301"
"304","2024","Kustavi","Gustavs","Kustavi","02","Varsinais-Suomi","Egentliga Finland","Southwest Finland","KU304"
"305","2024","Kuusamo","Kuusamo","Kuusamo","17","Pohjois-Pohjanmaa","Norra Österbotten","North Ostrobothnia","KU305"
"309","2024","Outokumpu","Outokumpu","Outokumpu","12","Pohjois-Karjala","Norra Karelen","North Karelia","KU309"
"312","2024","Kyyjärvi","Kyyjärvi","Kyyjärvi","13","Keski-Suomi","Mellersta Finland","Central Finland","KU312"
"316","2024","Kärkölä","Kärkölä","Kärkölä","07","Päijät-Häme","Päijänne-Tavastland","Päijät-Häme","KU316"
"317","2024","Kärsämäki","Kärsämäki","Kärsämäki","17","Pohjois-Pohjanmaa","Norra Österbotten","North Ostrobothnia","KU317"
"318","2024","Kökar","Kökar","Kökar","21","Ahvenanmaa","Åland","Åland","KU318"
"320","2024","Kemijärvi","Kemijärvi","Kemijärvi","19","Lappi","Lappland","Lapland","KU320"
"322","2024","Kemiönsaari","Kimitoön","Kimitoön","02","Varsinais-Suomi","Egentliga Finland","Southwest Finland","KU322"
"398","2024","Lahti","Lahtis","Lahti","07","Päijät-Häme","Päijänne-Tavastland","Päijät-Häme","KU398"
"399","2024","Laihia","Laihela","Laihia","15","Pohjanmaa","Österbotten","Ostrobothnia","KU399"
"400","2024","Laitila","Letala","Laitila","02","Varsinais-Suomi","Egentliga Finland","Southwest Finland","KU400"
"402","2024","Lapinlahti","Lapinlahti","Lapinlahti","11","Pohjois-Savo","Norra Savolax","North Savo","KU402"
"403","2024","Lappajärvi","Lappajärvi","Lappajärvi","14","Etelä-Pohjanmaa","Södra Österbotten","South Ostrobothnia","KU403"
"405","2024","Lappeenranta","Villmanstrand","Lappeenranta","09","Etelä-Karjala","Södra Karelen","South Karelia","KU405"
"407","2024","Lapinjärvi","Lappträsk","Lapinjärvi","01","Uusimaa","Nyland","Uusimaa","KU407"
"408","2024","Lapua","Lappo","Lapua","14","Etelä-Pohjanmaa","Södra Österbotten","South Ostrobothnia","KU408"
"410","2024","Laukaa","Laukas","Laukaa","13","Keski-Suomi","Mellersta Finland","Central Finland","KU410"
"416","2024","Lemi","Lemi","Lemi","09","Etelä-Karjala","Södra Karelen","South Karelia","KU416"
"417","2024","Lemland","Lemland","Lemland","21","Ahvenanmaa","Åland","Åland","KU417"
"418","2024","Lempäälä","Lempäälä","Lempäälä","06","Pirkanmaa","Birkaland","Pirkanmaa","KU418"
"420","2024","Leppävirta","Leppävirta","Leppävirta","11","Pohjois-Savo","Norra Savolax","North Savo","KU420"
"421","2024","Lestijärvi","Lestijärvi","Lestijärvi","16","Keski-Pohjanmaa","Mellersta Österbotten","Central Ostrobothnia","KU421"
"422","2024","Lieksa","Lieksa","Lieksa","12","Pohjois-Karjala","Norra Karelen","North Karelia","KU422"
"423","2024","Lieto","Lundo","Lieto","02","Varsinais-Suomi","Egentliga Finland","Southwest Finland","KU423"
"425","2024","Liminka","Limingo","Liminka","17","Pohjois-Pohjanmaa","Norra Österbotten","North Ostrobothnia","KU425"
"426","2024","Liperi","Libelits","Liperi","12","Pohjois-Karjala","Norra Karelen","North Karelia","KU426"
"430","2024","Loimaa","Loimaa","Loimaa","02","Varsinais-Suomi","Egentliga Finland","Southwest Finland","KU430"
"433","2024","Loppi","Loppi","Loppi","05","Kanta-Häme","Egentliga Tavastland","Kanta-Häme","KU433"
"434","2024","Loviisa","Lovisa","Loviisa","01","Uusimaa","Nyland","Uusimaa","KU434"
"435","2024","Luhanka","Luhanka","Luhanka","13","Keski-Suomi","Mellersta Finland","Central Finland","KU435"
"436","2024","Lumijoki","Lumijoki","Lumijoki","17","Pohjois-Pohjanmaa","Norra Österbotten","North Ostrobothnia","KU436"
"438","2024","Lumparland","Lumparland","Lumparland","21","Ahvenanmaa","Åland","Åland","KU438"
"440","2024","Luoto","Larsmo","Larsmo","15","Pohjanmaa","Österbotten","Ostrobothnia","KU440"
"441","2024","Luumäki","Luumäki","Luumäki","09","Etelä-Karjala","Södra Karelen","South Karelia","KU441"
"444","2024","Lohja","Lojo","Lohja","01","Uusimaa","Nyland","Uusimaa","KU444"
"445","2024","Parainen","Pargas","Pargas","02","Varsinais-Suomi","Egentliga Finland","Southwest Finland","KU445"
"475","2024","Maalahti","Malax","Malax","15","Pohjanmaa","Österbotten","Ostrobothnia","KU475"
"478","2024","Maarianhamina - Mariehamn","Mariehamn","Mariehamn","21","Ahvenanmaa","Åland","Åland","KU478"
"480","2024","Marttila","S:t Mårtens  ","Marttila","02","Varsinais-Suomi","Egentliga Finland","Southwest Finland","KU480"
"481","2024","Masku","Masku","Masku","02","Varsinais-Suomi","Egentliga Finland","Southwest Finland","KU481"
"483","2024","Merijärvi","Merijärvi","Merijärvi","17","Pohjois-Pohjanmaa","Norra Österbotten","North Ostrobothnia","KU483"
"484","2024","Merikarvia","Sastmola","Merikarvia","04","Satakunta","Satakunta","Satakunta","KU484"
"489","2024","Miehikkälä","Miehikkälä","Miehikkälä","08","Kymenlaakso","Kymmenedalen","Kymenlaakso","KU489"
"491","2024","Mikkeli","S:t Michel","Mikkeli","10","Etelä-Savo","Södra Savolax","South Savo","KU491"
"494","2024","Muhos","Muhos","Muhos","17","Pohjois-Pohjanmaa","Norra Österbotten","North Ostrobothnia","KU494"
"495","2024","Multia","Multia","Multia","13","Keski-Suomi","Mellersta Finland","Central Finland","KU495"
"498","2024","Muonio","Muonio","Muonio","19","Lappi","Lappland","Lapland","KU498"
"499","2024","Mustasaari","Korsholm","Korsholm","15","Pohjanmaa","Österbotten","Ostrobothnia","KU499"
"500","2024","Muurame","Muurame","Muurame","13","Keski-Suomi","Mellersta Finland","Central Finland","KU500"
"503","2024","Mynämäki","Virmo","Mynämäki","02","Varsinais-Suomi","Egentliga Finland","Southwest Finland","KU503"
"504","2024","Myrskylä","Mörskom","Myrskylä","01","Uusimaa","Nyland","Uusimaa","KU504"
"505","2024","Mäntsälä","Mäntsälä","Mäntsälä","01","Uusimaa","Nyland","Uusimaa","KU505"
"507","2024","Mäntyharju","Mäntyharju","Mäntyharju","10","Etelä-Savo","Södra Savolax","South Savo","KU507"
"508","2024","Mänttä-Vilppula","Mänttä-Vilppula","Mänttä-Vilppula","06","Pirkanmaa","Birkaland","Pirkanmaa","KU508"
"529","2024","Naantali","Nådendal","Naantali","02","Varsinais-Suomi","Egentliga Finland","Southwest Finland","KU529"
"531","2024","Nakkila","Nakkila","Nakkila","04","Satakunta","Satakunta","Satakunta","KU531"
"535","2024","Nivala","Nivala","Nivala","17","Pohjois-Pohjanmaa","Norra Österbotten","North Ostrobothnia","KU535"
"536","2024","Nokia","Nokia","Nokia","06","Pirkanmaa","Birkaland","Pirkanmaa","KU536"
"538","2024","Nousiainen","Nousis","Nousiainen","02","Varsinais-Suomi","Egentliga Finland","Southwest Finland","KU538"
"541","2024","Nurmes","Nurmes","Nurmes","12","Pohjois-Karjala","Norra Karelen","North Karelia","KU541"
"543","2024","Nurmijärvi","Nurmijärvi","Nurmijärvi","01","Uusimaa","Nyland","Uusimaa","KU543"
"545","2024","Närpiö","Närpes","Närpes","15","Pohjanmaa","Österbotten","Ostrobothnia","KU545"
"560","2024","Orimattila","Orimattila","Orimattila","07","Päijät-Häme","Päijänne-Tavastland","Päijät-Häme","KU560"
"561","2024","Oripää","Oripää","Oripää","02","Varsinais-Suomi","Egentliga Finland","Southwest Finland","KU561"
"562","2024","Orivesi","Orivesi","Orivesi","06","Pirkanmaa","Birkaland","Pirkanmaa","KU562"
"563","2024","Oulainen","Oulainen","Oulainen","17","Pohjois-Pohjanmaa","Norra Österbotten","North Ostrobothnia","KU563"
"564","2024","Oulu","Uleåborg","Oulu","17","Pohjois-Pohjanmaa","Norra Österbotten","North Ostrobothnia","KU564"
"576","2024","Padasjoki","Padasjoki","Padasjoki","07","Päijät-Häme","Päijänne-Tavastland","Päijät-Häme","KU576"
"577","2024","Paimio","Pemar","Paimio","02","Varsinais-Suomi","Egentliga Finland","Southwest Finland","KU577"
"578","2024","Paltamo","Paltamo","Paltamo","18","Kainuu","Kajanaland","Kainuu","KU578"
"580","2024","Parikkala","Parikkala","Parikkala","09","Etelä-Karjala","Södra Karelen","South Karelia","KU580"
"581","2024","Parkano","Parkano","Parkano","06","Pirkanmaa","Birkaland","Pirkanmaa","KU581"
"583","2024","Pelkosenniemi","Pelkosenniemi","Pelkosenniemi","19","Lappi","Lappland","Lapland","KU583"
"584","2024","Perho","Perho","Perho","16","Keski-Pohjanmaa","Mellersta Österbotten","Central Ostrobothnia","KU584"
"592","2024","Petäjävesi","Petäjävesi","Petäjävesi","13","Keski-Suomi","Mellersta Finland","Central Finland","KU592"
"593","2024","Pieksämäki","Pieksämäki","Pieksämäki","10","Etelä-Savo","Södra Savolax","South Savo","KU593"
"595","2024","Pielavesi","Pielavesi","Pielavesi","11","Pohjois-Savo","Norra Savolax","North Savo","KU595"
"598","2024","Pietarsaari","Jakobstad","Jakobstad","15","Pohjanmaa","Österbotten","Ostrobothnia","KU598"
"599","2024","Pedersören kunta","Pedersöre","Pedersöre","15","Pohjanmaa","Österbotten","Ostrobothnia","KU599"
"601","2024","Pihtipudas","Pihtipudas","Pihtipudas","13","Keski-Suomi","Mellersta Finland","Central Finland","KU601"
"604","2024","Pirkkala","Birkala","Pirkkala","06","Pirkanmaa","Birkaland","Pirkanmaa","KU604"
"607","2024","Polvijärvi","Polvijärvi","Polvijärvi","12","Pohjois-Karjala","Norra Karelen","North Karelia","KU607"
"608","2024","Pomarkku","Påmark","Pomarkku","04","Satakunta","Satakunta","Satakunta","KU608"
"609","2024","Pori","Björneborg","Pori","04","Satakunta","Satakunta","Satakunta","KU609"
"611","2024","Pornainen","Borgnäs","Pornainen","01","Uusimaa","Nyland","Uusimaa","KU611"
"614","2024","Posio","Posio","Posio","19","Lappi","Lappland","Lapland","KU614"
"615","2024","Pudasjärvi","Pudasjärvi","Pudasjärvi","17","Pohjois-Pohjanmaa","Norra Österbotten","North Ostrobothnia","KU615"
"616","2024","Pukkila","Pukkila","Pukkila","01","Uusimaa","Nyland","Uusimaa","KU616"
"619","2024","Punkalaidun","Punkalaidun","Punkalaidun","06","Pirkanmaa","Birkaland","Pirkanmaa","KU619"
"620","2024","Puolanka","Puolanka","Puolanka","18","Kainuu","Kajanaland","Kainuu","KU620"
"623","2024","Puumala","Puumala","Puumala","10","Etelä-Savo","Södra Savolax","South Savo","KU623"
"624","2024","Pyhtää","Pyttis","Pyhtää","08","Kymenlaakso","Kymmenedalen","Kymenlaakso","KU624"
"625","2024","Pyhäjoki","Pyhäjoki","Pyhäjoki","17","Pohjois-Pohjanmaa","Norra Österbotten","North Ostrobothnia","KU625"
"626","2024","Pyhäjärvi","Pyhäjärvi","Pyhäjärvi","17","Pohjois-Pohjanmaa","Norra Österbotten","North Ostrobothnia","KU626"
"630","2024","Pyhäntä","Pyhäntä","Pyhäntä","17","Pohjois-Pohjanmaa","Norra Österbotten","North Ostrobothnia","KU630"
"631","2024","Pyhäranta","Pyhäranta","Pyhäranta","02","Varsinais-Suomi","Egentliga Finland","Southwest Finland","KU631"
"635","2024","Pälkäne","Pälkäne","Pälkäne","06","Pirkanmaa","Birkaland","Pirkanmaa","KU635"
"636","2024","Pöytyä","Pöytyä","Pöytyä","02","Varsinais-Suomi","Egentliga Finland","Southwest Finland","KU636"
"638","2024","Porvoo","Borgå","Porvoo","01","Uusimaa","Nyland","Uusimaa","KU638"
"678","2024","Raahe","Brahestad","Raahe","17","Pohjois-Pohjanmaa","Norra Österbotten","North Ostrobothnia","KU678"
"680","2024","Raisio","Reso","Raisio","02","Varsinais-Suomi","Egentliga Finland","Southwest Finland","KU680"
"681","2024","Rantasalmi","Rantasalmi","Rantasalmi","10","Etelä-Savo","Södra Savolax","South Savo","KU681"
"683","2024","Ranua","Ranua","Ranua","19","Lappi","Lappland","Lapland","KU683"
"684","2024","Rauma","Raumo","Rauma","04","Satakunta","Satakunta","Satakunta","KU684"
"686","2024","Rautalampi","Rautalampi","Rautalampi","11","Pohjois-Savo","Norra Savolax","North Savo","KU686"
"687","2024","Rautavaara","Rautavaara","Rautavaara","11","Pohjois-Savo","Norra Savolax","North Savo","KU687"
"689","2024","Rautjärvi","Rautjärvi","Rautjärvi","09","Etelä-Karjala","Södra Karelen","South Karelia","KU689"
"691","2024","Reisjärvi","Reisjärvi","Reisjärvi","17","Pohjois-Pohjanmaa","Norra Österbotten","North Ostrobothnia","KU691"
"694","2024","Riihimäki","Riihimäki","Riihimäki","05","Kanta-Häme","Egentliga Tavastland","Kanta-Häme","KU694"
"697","2024","Ristijärvi","Ristijärvi","Ristijärvi","18","Kainuu","Kajanaland","Kainuu","KU697"
"698","2024","Rovaniemi","Rovaniemi","Rovaniemi","19","Lappi","Lappland","Lapland","KU698"
"700","2024","Ruokolahti","Ruokolax","Ruokolahti","09","Etelä-Karjala","Södra Karelen","South Karelia","KU700"
"702","2024","Ruovesi","Ruovesi","Ruovesi","06","Pirkanmaa","Birkaland","Pirkanmaa","KU702"
"704","2024","Rusko","Rusko","Rusko","02","Varsinais-Suomi","Egentliga Finland","Southwest Finland","KU704"
"707","2024","Rääkkylä","Rääkkylä","Rääkkylä","12","Pohjois-Karjala","Norra Karelen","North Karelia","KU707"
"710","2024","Raasepori","Raseborg","Raseborg","01","Uusimaa","Nyland","Uusimaa","KU710"
"729","2024","Saarijärvi","Saarijärvi","Saarijärvi","13","Keski-Suomi","Mellersta Finland","Central Finland","KU729"
"732","2024","Salla","Salla","Salla","19","Lappi","Lappland","Lapland","KU732"
"734","2024","Salo","Salo","Salo","02","Varsinais-Suomi","Egentliga Finland","Southwest Finland","KU734"
"736","2024","Saltvik","Saltvik","Saltvik","21","Ahvenanmaa","Åland","Åland","KU736"
"738","2024","Sauvo","Sagu","Sauvo","02","Varsinais-Suomi","Egentliga Finland","Southwest Finland","KU738"
"739","2024","Savitaipale","Savitaipale","Savitaipale","09","Etelä-Karjala","Södra Karelen","South Karelia","KU739"
"740","2024","Savonlinna","Nyslott","Savonlinna","10","Etelä-Savo","Södra Savolax","South Savo","KU740"
"742","2024","Savukoski","Savukoski","Savukoski","19","Lappi","Lappland","Lapland","KU742"
"743","2024","Seinäjoki","Seinäjoki","Seinäjoki","14","Etelä-Pohjanmaa","Södra Österbotten","South Ostrobothnia","KU743"
"746","2024","Sievi","Sievi","Sievi","17","Pohjois-Pohjanmaa","Norra Österbotten","North Ostrobothnia","KU746"
"747","2024","Siikainen","Siikais","Siikainen","04","Satakunta","Satakunta","Satakunta","KU747"
"748","2024","Siikajoki","Siikajoki","Siikajoki","17","Pohjois-Pohjanmaa","Norra Österbotten","North Ostrobothnia","KU748"
"749","2024","Siilinjärvi","Siilinjärvi","Siilinjärvi","11","Pohjois-Savo","Norra Savolax","North Savo","KU749"
"751","2024","Simo","Simo","Simo","19","Lappi","Lappland","Lapland","KU751"
"753","2024","Sipoo","Sibbo","Sipoo","01","Uusimaa","Nyland","Uusimaa","KU753"
"755","2024","Siuntio","Sjundeå","Siuntio","01","Uusimaa","Nyland","Uusimaa","KU755"
"758","2024","Sodankylä","Sodankylä","Sodankylä","19","Lappi","Lappland","Lapland","KU758"
"759","2024","Soini","Soini","Soini","14","Etelä-Pohjanmaa","Södra Österbotten","South Ostrobothnia","KU759"
"761","2024","Somero","Somero","Somero","02","Varsinais-Suomi","Egentliga Finland","Southwest Finland","KU761"
"762","2024","Sonkajärvi","Sonkajärvi","Sonkajärvi","11","Pohjois-Savo","Norra Savolax","North Savo","KU762"
"765","2024","Sotkamo","Sotkamo","Sotkamo","18","Kainuu","Kajanaland","Kainuu","KU765"
"766","2024","Sottunga","Sottunga","Sottunga","21","Ahvenanmaa","Åland","Åland","KU766"
"768","2024","Sulkava","Sulkava","Sulkava","10","Etelä-Savo","Södra Savolax","South Savo","KU768"
"771","2024","Sund","Sund","Sund","21","Ahvenanmaa","Åland","Åland","KU771"
"777","2024","Suomussalmi","Suomussalmi","Suomussalmi","18","Kainuu","Kajanaland","Kainuu","KU777"
"778","2024","Suonenjoki","Suonenjoki","Suonenjoki","11","Pohjois-Savo","Norra Savolax","North Savo","KU778"
"781","2024","Sysmä","Sysmä","Sysmä","07","Päijät-Häme","Päijänne-Tavastland","Päijät-Häme","KU781"
"783","2024","Säkylä","Säkylä","Säkylä","04","Satakunta","Satakunta","Satakunta","KU783"
"785","2024","Vaala","Vaala","Vaala","17","Pohjois-Pohjanmaa","Norra Österbotten","North Ostrobothnia","KU785"
"790","2024","Sastamala","Sastamala","Sastamala","06","Pirkanmaa","Birkaland","Pirkanmaa","KU790"
"791","2024","Siikalatva","Siikalatva","Siikalatva","17","Pohjois-Pohjanmaa","Norra Österbotten","North Ostrobothnia","KU791"
"831","2024","Taipalsaari","Taipalsaari","Taipalsaari","09","Etelä-Karjala","Södra Karelen","South Karelia","KU831"
"832","2024","Taivalkoski","Taivalkoski","Taivalkoski","17","Pohjois-Pohjanmaa","Norra Österbotten","North Ostrobothnia","KU832"
"833","2024","Taivassalo","Tövsala","Taivassalo","02","Varsinais-Suomi","Egentliga Finland","Southwest Finland","KU833"
"834","2024","Tammela","Tammela","Tammela","05","Kanta-Häme","Egentliga Tavastland","Kanta-Häme","KU834"
"837","2024","Tampere","Tammerfors","Tampere","06","Pirkanmaa","Birkaland","Pirkanmaa","KU837"
"844","2024","Tervo","Tervo","Tervo","11","Pohjois-Savo","Norra Savolax","North Savo","KU844"
"845","2024","Tervola","Tervola","Tervola","19","Lappi","Lappland","Lapland","KU845"
"846","2024","Teuva","Östermark","Teuva","14","Etelä-Pohjanmaa","Södra Österbotten","South Ostrobothnia","KU846"
"848","2024","Tohmajärvi","Tohmajärvi","Tohmajärvi","12","Pohjois-Karjala","Norra Karelen","North Karelia","KU848"
"849","2024","Toholampi","Toholampi","Toholampi","16","Keski-Pohjanmaa","Mellersta Österbotten","Central Ostrobothnia","KU849"
"850","2024","Toivakka","Toivakka","Toivakka","13","Keski-Suomi","Mellersta Finland","Central Finland","KU850"
"851","2024","Tornio","Torneå","Tornio","19","Lappi","Lappland","Lapland","KU851"
"853","2024","Turku","Åbo","Turku","02","Varsinais-Suomi","Egentliga Finland","Southwest Finland","KU853"
"854","2024","Pello","Pello","Pello","19","Lappi","Lappland","Lapland","KU854"
"857","2024","Tuusniemi","Tuusniemi","Tuusniemi","11","Pohjois-Savo","Norra Savolax","North Savo","KU857"
"858","2024","Tuusula","Tusby","Tuusula","01","Uusimaa","Nyland","Uusimaa","KU858"
"859","2024","Tyrnävä","Tyrnävä","Tyrnävä","17","Pohjois-Pohjanmaa","Norra Österbotten","North Ostrobothnia","KU859"
"886","2024","Ulvila","Ulvsby","Ulvila","04","Satakunta","Satakunta","Satakunta","KU886"
"887","2024","Urjala","Urjala","Urjala","06","Pirkanmaa","Birkaland","Pirkanmaa","KU887"
"889","2024","Utajärvi","Utajärvi","Utajärvi","17","Pohjois-Pohjanmaa","Norra Österbotten","North Ostrobothnia","KU889"
"890","2024","Utsjoki","Utsjoki","Utsjoki","19","Lappi","Lappland","Lapland","KU890"
"892","2024","Uurainen","Uurainen","Uurainen","13","Keski-Suomi","Mellersta Finland","Central Finland","KU892"
"893","2024","Uusikaarlepyy","Nykarleby","Nykarleby","15","Pohjanmaa","Österbotten","Ostrobothnia","KU893"
"895","2024","Uusikaupunki","Nystad","Uusikaupunki","02","Varsinais-Suomi","Egentliga Finland","Southwest Finland","KU895"
"905","2024","Vaasa","Vasa","Vaasa","15","Pohjanmaa","Österbotten","Ostrobothnia","KU905"
"908","2024","Valkeakoski","Valkeakoski","Valkeakoski","06","Pirkanmaa","Birkaland","Pirkanmaa","KU908"
"915","2024","Varkaus","Varkaus","Varkaus","11","Pohjois-Savo","Norra Savolax","North Savo","KU915"
"918","2024","Vehmaa","Vemo","Vehmaa","02","Varsinais-Suomi","Egentliga Finland","Southwest Finland","KU918"
"921","2024","Vesanto","Vesanto","Vesanto","11","Pohjois-Savo","Norra Savolax","North Savo","KU921"
"922","2024","Vesilahti","Vesilahti","Vesilahti","06","Pirkanmaa","Birkaland","Pirkanmaa","KU922"
"924","2024","Veteli","Vetil","Veteli","16","Keski-Pohjanmaa","Mellersta Österbotten","Central Ostrobothnia","KU924"
"925","2024","Vieremä","Vieremä","Vieremä","11","Pohjois-Savo","Norra Savolax","North Savo","KU925"
"927","2024","Vihti","Vichtis","Vihti","01","Uusimaa","Nyland","Uusimaa","KU927"
"931","2024","Viitasaari","Viitasaari","Viitasaari","13","Keski-Suomi","Mellersta Finland","Central Finland","KU931"
"934","2024","Vimpeli","Vindala","Vimpeli","14","Etelä-Pohjanmaa","Södra Österbotten","South Ostrobothnia","KU934"
"935","2024","Virolahti","Vederlax","Virolahti","08","Kymenlaakso","Kymmenedalen","Kymenlaakso","KU935"
"936","2024","Virrat","Virdois","Virrat","06","Pirkanmaa","Birkaland","Pirkanmaa","KU936"
"941","2024","Vårdö","Vårdö","Vårdö","21","Ahvenanmaa","Åland","Åland","KU941"
"946","2024","Vöyri","Vörå","Vörå","15","Pohjanmaa","Österbotten","Ostrobothnia","KU946"
"976","2024","Ylitornio","Övertorneå","Ylitornio","19","Lappi","Lappland","Lapland","KU976"
"977","2024","Ylivieska","Ylivieska","Ylivieska","17","Pohjois-Pohjanmaa","Norra Österbotten","North Ostrobothnia","KU977"
"980","2024","Ylöjärvi","Ylöjärvi","Ylöjärvi","06","Pirkanmaa","Birkaland","Pirkanmaa","KU980"
"981","2024","Ypäjä","Ypäjä","Ypäjä","05","Kanta-Häme","Egentliga Tavastland","Kanta-Häme","KU981"
"989","2024","Ähtäri","Etseri","Ähtäri","14","Etelä-Pohjanmaa","Södra Österbotten","South Ostrobothnia","KU989"
"992","2024","Äänekoski","Äänekoski","Äänekoski","13","Keski-Suomi","Mellersta Finland","Central Finland","KU992"
